{
  "openapi": "3.0.0",
  "info": {
    "title": "API - Controle de Retiradas de S\u00f3cios",
    "version": "1.0.0",
    "description": "Documenta\u00e7\u00e3o da API para o sistema de controle de retiradas."
  },
  "paths": {
    "/token": {
      "post": {
        "summary": "Gerar token JWT",
        "requestBody": {
          "content": {
            "application/x-www-form-urlencoded": {
              "schema": {
                "type": "object",
                "properties": {
                  "username": {
                    "type": "string"
                  },
                  "password": {
                    "type": "string"
                  }
                },
                "required": [
                  "username",
                  "password"
                ]
              }
            }
          }
        },
        "responses": {
          "200": {
            "description": "Token JWT gerado com sucesso"
          },
          "401": {
            "description": "Credenciais inv\u00e1lidas"
          }
        }
      }
    },
    "/retiradas": {
      "get": {
        "summary": "Listar retiradas",
        "parameters": [
          {
            "name": "socio_id",
            "in": "query",
            "schema": {
              "type": "string",
              "format": "uuid"
            }
          },
          {
            "name": "start_date",
            "in": "query",
            "schema": {
              "type": "string",
              "format": "date"
            }
          },
          {
            "name": "end_date",
            "in": "query",
            "schema": {
              "type": "string",
              "format": "date"
            }
          }
        ],
        "responses": {
          "200": {
            "description": "Lista de retiradas"
          }
        },
        "security": [
          {
            "bearerAuth": []
          }
        ]
      },
      "post": {
        "summary": "Criar nova retirada",
        "requestBody": {
          "content": {
            "application/json": {
              "schema": {
                "type": "object",
                "properties": {
                  "socio_id": {
                    "type": "string",
                    "format": "uuid"
                  },
                  "empresa_id": {
                    "type": "string",
                    "format": "uuid"
                  },
                  "valor": {
                    "type": "number"
                  },
                  "data": {
                    "type": "string",
                    "format": "date"
                  },
                  "descricao": {
                    "type": "string"
                  },
                  "destino": {
                    "type": "string"
                  },
                  "tipo_transacao": {
                    "type": "string"
                  }
                },
                "required": [
                  "socio_id",
                  "empresa_id",
                  "valor",
                  "data"
                ]
              }
            }
          }
        },
        "responses": {
          "200": {
            "description": "Retirada registrada com sucesso"
          }
        },
        "security": [
          {
            "bearerAuth": []
          }
        ]
      }
    }
  },
  "components": {
    "securitySchemes": {
      "bearerAuth": {
        "type": "http",
        "scheme": "bearer"
      }
    }
  }
}